LOCATION,Area,eu_member,GDP,wheat_PPI,TIME,YEAR,YEAR_INT
AUT,Austria,1,29380.03111,85.69,2000,Y2000,2000
AUT,Austria,1,29707.462264,82.98,2001,Y2001,2001
AUT,Austria,1,31178.051444,75.97,2002,Y2002,2002
AUT,Austria,1,32158.225907,83.72,2003,Y2003,2003
AUT,Austria,1,33784.432645,68.22,2004,Y2004,2004
AUT,Austria,1,35024.557484,63.57,2005,Y2005,2005
AUT,Austria,1,37659.840674,81.4,2006,Y2006,2006
AUT,Austria,1,39436.420128,146.51,2007,Y2007,2007
AUT,Austria,1,41316.022642,104.65,2008,Y2008,2008
AUT,Austria,1,40929.336746,70.54,2009,Y2009,2009
AUT,Austria,1,42020.550637,142.64,2010,Y2010,2010
AUT,Austria,1,44469.209642,121.71,2011,Y2011,2011
AUT,Austria,1,46477.655075,163.57,2012,Y2012,2012
AUT,Austria,1,47936.677963,114.73,2013,Y2013,2013
AUT,Austria,1,48813.534409,104.65,2014,Y2014,2014
AUT,Austria,1,49942.056293,106.2,2015,Y2015,2015
AUT,Austria,1,52665.087457,89.15,2016,Y2016,2016
AUT,Austria,1,54188.360666,112.4,2017,Y2017,2017
AUT,Austria,1,56956.110562,119.38,2018,Y2018,2018
AUT,Austria,1,59719.331647,113.18,2019,Y2019,2019
AUT,Austria,1,57253.300563,107.75,2020,Y2020,2020
AUT,Austria,1,59976.264665,102.33,2021,Y2021,2021
BEL,Belgium,1,27789.053506,73.31,2000,Y2000,2000
BEL,Belgium,1,28791.405838,71.98,2001,Y2001,2001
BEL,Belgium,1,30281.667989,65.62,2002,Y2002,2002
BEL,Belgium,1,30934.598585,74.23,2003,Y2003,2003
BEL,Belgium,1,32063.673796,72.91,2004,Y2004,2004
BEL,Belgium,1,33176.680884,60.98,2005,Y2005,2005
BEL,Belgium,1,35253.923288,80.73,2006,Y2006,2006
BEL,Belgium,1,36794.234201,118.58,2007,Y2007,2007
BEL,Belgium,1,37883.233422,113.41,2008,Y2008,2008
BEL,Belgium,1,37753.276269,73.24,2009,Y2009,2009
BEL,Belgium,1,39837.997954,103.27,2010,Y2010,2010
BEL,Belgium,1,40943.343479,131.47,2011,Y2011,2011
BEL,Belgium,1,42290.477674,148.0,2012,Y2012,2012
BEL,Belgium,1,43672.712292,131.71,2013,Y2013,2013
BEL,Belgium,1,44929.933328,109.25,2014,Y2014,2014
BEL,Belgium,1,46201.685891,102.34,2015,Y2015,2015
BEL,Belgium,1,48599.202676,88.41,2016,Y2016,2016
BEL,Belgium,1,50442.947518,93.7,2017,Y2017,2017
BEL,Belgium,1,52530.84151,110.42,2018,Y2018,2018
BEL,Belgium,1,55800.825988,103.35,2019,Y2019,2019
BEL,Belgium,1,54539.032525,115.65,2020,Y2020,2020
BEL,Belgium,1,58816.266983,119.2,2021,Y2021,2021
CAN,Canada,0,29362.289573,60.37,2000,Y2000,2000
CAN,Canada,0,30231.005032,69.25,2001,Y2001,2001
CAN,Canada,0,30963.222007,79.46,2002,Y2002,2002
CAN,Canada,0,32350.070882,75.91,2003,Y2003,2003
CAN,Canada,0,33925.89256,67.92,2004,Y2004,2004
CAN,Canada,0,36327.662059,52.82,2005,Y2005,2005
CAN,Canada,0,38120.176792,54.16,2006,Y2006,2006
CAN,Canada,0,39575.324973,85.19,2007,Y2007,2007
CAN,Canada,0,40376.330167,129.74,2008,Y2008,2008
CAN,Canada,0,38865.406022,97.14,2009,Y2009,2009
CAN,Canada,0,40099.497886,80.97,2010,Y2010,2010
CAN,Canada,0,41666.718851,104.1,2011,Y2011,2011
CAN,Canada,0,42290.879082,112.62,2012,Y2012,2012
CAN,Canada,0,44298.514462,115.6,2013,Y2013,2013
CAN,Canada,0,45753.782936,94.41,2014,Y2014,2014
CAN,Canada,0,44670.054374,103.01,2015,Y2015,2015
CAN,Canada,0,46472.368771,102.58,2016,Y2016,2016
CAN,Canada,0,48317.191163,104.1,2017,Y2017,2017
CAN,Canada,0,49992.811418,109.13,2018,Y2018,2018
CAN,Canada,0,49832.297981,106.1,2019,Y2019,2019
CAN,Canada,0,47228.372488,108.28,2020,Y2020,2020
CAN,Canada,0,53074.088264,110.2,2021,Y2021,2021
CZE,Czechia,1,16210.137699,80.1,2000,Y2000,2000
CZE,Czechia,1,17610.749577,92.6,2001,Y2001,2001
CZE,Czechia,1,18245.669005,80.03,2002,Y2002,2002
CZE,Czechia,1,19524.257785,79.46,2003,Y2003,2003
CZE,Czechia,1,20912.045913,91.82,2004,Y2004,2004
CZE,Czechia,1,22045.99888,64.7,2005,Y2005,2005
CZE,Czechia,1,23855.587922,72.96,2006,Y2006,2006
CZE,Czechia,1,26224.530769,99.1,2007,Y2007,2007
CZE,Czechia,1,27853.549898,112.97,2008,Y2008,2008
CZE,Czechia,1,27637.158658,64.61,2009,Y2009,2009
CZE,Czechia,1,27768.004347,74.66,2010,Y2010,2010
CZE,Czechia,1,28999.754757,110.23,2011,Y2011,2011
CZE,Czechia,1,29258.904853,113.76,2012,Y2012,2012
CZE,Czechia,1,30828.526409,120.31,2013,Y2013,2013
CZE,Czechia,1,32504.217576,117.58,2014,Y2014,2014
CZE,Czechia,1,33909.309243,97.21,2015,Y2015,2015
CZE,Czechia,1,36101.285601,85.21,2016,Y2016,2016
CZE,Czechia,1,38842.896268,87.98,2017,Y2017,2017
CZE,Czechia,1,41157.370409,94.2,2018,Y2018,2018
CZE,Czechia,1,44223.088155,100.28,2019,Y2019,2019
CZE,Czechia,1,42813.74134,96.53,2020,Y2020,2020
CZE,Czechia,1,44799.547333,101.03,2021,Y2021,2021
DNK,Denmark,1,28670.728216,77.55,2000,Y2000,2000
DNK,Denmark,1,29451.742361,77.12,2001,Y2001,2001
DNK,Denmark,1,30639.953691,68.13,2002,Y2002,2002
DNK,Denmark,1,30825.001654,69.7,2003,Y2003,2003
DNK,Denmark,1,32948.152759,82.18,2004,Y2004,2004
DNK,Denmark,1,34152.881663,65.86,2005,Y2005,2005
DNK,Denmark,1,37330.825511,71.45,2006,Y2006,2006
DNK,Denmark,1,39020.79979,107.91,2007,Y2007,2007
DNK,Denmark,1,41282.995471,132.07,2008,Y2008,2008
DNK,Denmark,1,40334.271114,79.03,2009,Y2009,2009
DNK,Denmark,1,43007.731551,85.84,2010,Y2010,2010
DNK,Denmark,1,44407.94207,126.05,2011,Y2011,2011
DNK,Denmark,1,44808.549212,134.52,2012,Y2012,2012
DNK,Denmark,1,46742.939663,133.38,2013,Y2013,2013
DNK,Denmark,1,47905.477079,108.17,2014,Y2014,2014
DNK,Denmark,1,49058.142344,100.23,2015,Y2015,2015
DNK,Denmark,1,51967.020438,91.6,2016,Y2016,2016
DNK,Denmark,1,55356.49009,97.09,2017,Y2017,2017
DNK,Denmark,1,57479.350221,109.57,2018,Y2018,2018
DNK,Denmark,1,59883.83628,116.98,2019,Y2019,2019
DNK,Denmark,1,60840.940164,108.17,2020,Y2020,2020
DNK,Denmark,1,64897.769113,119.08,2021,Y2021,2021
FIN,Finland,1,26788.428751,82.48,2000,Y2000,2000
FIN,Finland,1,27800.104183,81.04,2001,Y2001,2001
FIN,Finland,1,28605.122922,80.82,2002,Y2002,2002
FIN,Finland,1,29052.831004,77.14,2003,Y2003,2003
FIN,Finland,1,31201.747219,73.47,2004,Y2004,2004
FIN,Finland,1,32051.762889,64.9,2005,Y2005,2005
FIN,Finland,1,34449.888563,67.96,2006,Y2006,2006
FIN,Finland,1,37842.676429,97.96,2007,Y2007,2007
FIN,Finland,1,40083.701943,115.71,2008,Y2008,2008
FIN,Finland,1,37974.109514,80.82,2009,Y2009,2009
FIN,Finland,1,38955.563862,90.0,2010,Y2010,2010
FIN,Finland,1,40916.647325,120.61,2011,Y2011,2011
FIN,Finland,1,40872.854802,124.29,2012,Y2012,2012
FIN,Finland,1,41492.918416,124.9,2013,Y2013,2013
FIN,Finland,1,41749.864733,104.08,2014,Y2014,2014
FIN,Finland,1,42490.211049,103.47,2015,Y2015,2015
FIN,Finland,1,44934.488245,92.45,2016,Y2016,2016
FIN,Finland,1,47570.270354,97.35,2017,Y2017,2017
FIN,Finland,1,49573.255773,122.45,2018,Y2018,2018
FIN,Finland,1,51811.356163,112.65,2019,Y2019,2019
FIN,Finland,1,52290.401497,104.69,2020,Y2020,2020
FIN,Finland,1,54856.553847,116.94,2021,Y2021,2021
FRA,France,1,26098.276856,65.84,2000,Y2000,2000
FRA,France,1,27498.590759,69.97,2001,Y2001,2001
FRA,France,1,28528.156107,63.05,2002,Y2002,2002
FRA,France,1,28178.372054,74.12,2003,Y2003,2003
FRA,France,1,29065.203082,62.41,2004,Y2004,2004
FRA,France,1,30504.058784,60.53,2005,Y2005,2005
FRA,France,1,32470.146387,78.72,2006,Y2006,2006
FRA,France,1,34132.16223,122.61,2007,Y2007,2007
FRA,France,1,35102.870428,93.93,2008,Y2008,2008
FRA,France,1,34687.988525,72.42,2009,Y2009,2009
FRA,France,1,35911.516006,120.43,2010,Y2010,2010
FRA,France,1,37447.949543,125.14,2011,Y2011,2011
FRA,France,1,37684.198067,143.69,2012,Y2012,2012
FRA,France,1,39528.473644,119.17,2013,Y2013,2013
FRA,France,1,40144.059485,105.47,2014,Y2014,2014
FRA,France,1,40829.893311,100.92,2015,Y2015,2015
FRA,France,1,42855.944562,93.61,2016,Y2016,2016
FRA,France,1,44445.59677,90.57,2017,Y2017,2017
FRA,France,1,46336.933985,106.93,2018,Y2018,2018
FRA,France,1,50221.997111,106.02,2019,Y2019,2019
FRA,France,1,47823.919578,113.61,2020,Y2020,2020
FRA,France,1,50998.933198,121.19,2021,Y2021,2021
DEU,Germany,1,27454.728644,73.81,2000,Y2000,2000
DEU,Germany,1,28662.904283,70.89,2001,Y2001,2001
DEU,Germany,1,29504.28924,64.33,2002,Y2002,2002
DEU,Germany,1,30270.772356,70.06,2003,Y2003,2003
DEU,Germany,1,31741.862418,78.98,2004,Y2004,2004
DEU,Germany,1,32236.740986,63.06,2005,Y2005,2005
DEU,Germany,1,34661.737129,70.7,2006,Y2006,2006
DEU,Germany,1,36862.53509,111.46,2007,Y2007,2007
DEU,Germany,1,38432.448211,118.47,2008,Y2008,2008
DEU,Germany,1,37467.086106,71.97,2009,Y2009,2009
DEU,Germany,1,39676.460946,95.54,2010,Y2010,2010
DEU,Germany,1,42541.513126,131.85,2011,Y2011,2011
DEU,Germany,1,43359.541048,139.49,2012,Y2012,2012
DEU,Germany,1,44993.667838,129.3,2013,Y2013,2013
DEU,Germany,1,47011.280402,107.64,2014,Y2014,2014
DEU,Germany,1,47609.557159,103.18,2015,Y2015,2015
DEU,Germany,1,50579.483717,89.17,2016,Y2016,2016
DEU,Germany,1,53071.478374,96.18,2017,Y2017,2017
DEU,Germany,1,55195.722049,107.26,2018,Y2018,2018
DEU,Germany,1,57397.204591,106.31,2019,Y2019,2019
DEU,Germany,1,56476.934309,109.61,2020,Y2020,2020
DEU,Germany,1,58784.138861,124.2,2021,Y2021,2021
GRC,Greece,1,19518.887328,60.23,2000,Y2000,2000
GRC,Greece,1,20958.055663,67.35,2001,Y2001,2001
GRC,Greece,1,22615.957435,64.49,2002,Y2002,2002
GRC,Greece,1,23897.581726,64.59,2003,Y2003,2003
GRC,Greece,1,25460.550715,63.85,2004,Y2004,2004
GRC,Greece,1,25577.445437,63.76,2005,Y2005,2005
GRC,Greece,1,28544.909073,64.63,2006,Y2006,2006
GRC,Greece,1,29323.449488,107.53,2007,Y2007,2007
GRC,Greece,1,30855.935774,108.59,2008,Y2008,2008
GRC,Greece,1,30360.767225,76.14,2009,Y2009,2009
GRC,Greece,1,27912.600626,73.11,2010,Y2010,2010
GRC,Greece,1,25671.291223,101.27,2011,Y2011,2011
GRC,Greece,1,24911.062614,107.0,2012,Y2012,2012
GRC,Greece,1,25986.57671,100.54,2013,Y2013,2013
GRC,Greece,1,26625.188631,107.33,2014,Y2014,2014
GRC,Greece,1,26760.152201,106.3,2015,Y2015,2015
GRC,Greece,1,27511.777671,86.37,2016,Y2016,2016
GRC,Greece,1,28604.794575,88.77,2017,Y2017,2017
GRC,Greece,1,29617.499309,85.98,2018,Y2018,2018
GRC,Greece,1,31155.847016,91.41,2019,Y2019,2019
GRC,Greece,1,28413.787339,101.36,2020,Y2020,2020
GRC,Greece,1,31177.251307,98.4,2021,Y2021,2021
HUN,Hungary,1,11854.802241,60.83,2000,Y2000,2000
HUN,Hungary,1,13210.000996,50.21,2001,Y2001,2001
HUN,Hungary,1,14526.388251,49.96,2002,Y2002,2002
HUN,Hungary,1,15478.914324,66.15,2003,Y2003,2003
HUN,Hungary,1,16268.931968,51.29,2004,Y2004,2004
HUN,Hungary,1,17108.340595,44.8,2005,Y2005,2005
HUN,Hungary,1,18381.07124,57.63,2006,Y2006,2006
HUN,Hungary,1,19096.405912,95.79,2007,Y2007,2007
HUN,Hungary,1,20721.502411,87.8,2008,Y2008,2008
HUN,Hungary,1,20723.788396,65.41,2009,Y2009,2009
HUN,Hungary,1,21742.345206,85.93,2010,Y2010,2010
HUN,Hungary,1,23029.447178,112.05,2011,Y2011,2011
HUN,Hungary,1,23267.448393,132.32,2012,Y2012,2012
HUN,Hungary,1,24547.980456,104.57,2013,Y2013,2013
HUN,Hungary,1,25691.527335,105.96,2014,Y2014,2014
HUN,Hungary,1,26798.854228,106.54,2015,Y2015,2015
HUN,Hungary,1,27941.926751,87.5,2016,Y2016,2016
HUN,Hungary,1,29496.163748,95.58,2017,Y2017,2017
HUN,Hungary,1,31908.661917,107.24,2018,Y2018,2018
HUN,Hungary,1,34638.671964,111.09,2019,Y2019,2019
HUN,Hungary,1,34156.840044,120.01,2020,Y2020,2020
HUN,Hungary,1,36677.803167,127.92,2021,Y2021,2021
IRL,Ireland,1,30217.135247,66.29,2000,Y2000,2000
IRL,Ireland,1,32592.93478,76.11,2001,Y2001,2001
IRL,Ireland,1,35222.881959,62.52,2002,Y2002,2002
IRL,Ireland,1,36280.363177,77.34,2003,Y2003,2003
IRL,Ireland,1,38761.602107,69.61,2004,Y2004,2004
IRL,Ireland,1,40465.540236,67.68,2005,Y2005,2005
IRL,Ireland,1,44264.93992,78.63,2006,Y2006,2006
IRL,Ireland,1,46765.460776,129.55,2007,Y2007,2007
IRL,Ireland,1,44105.305617,88.3,2008,Y2008,2008
IRL,Ireland,1,41438.863041,67.68,2009,Y2009,2009
IRL,Ireland,1,43213.491477,102.52,2010,Y2010,2010
IRL,Ireland,1,45100.566928,105.42,2011,Y2011,2011
IRL,Ireland,1,46409.6824,142.18,2012,Y2012,2012
IRL,Ireland,1,47882.067704,100.78,2013,Y2013,2013
IRL,Ireland,1,51195.991955,126.75,2014,Y2014,2014
IRL,Ireland,1,69165.900652,83.18,2015,Y2015,2015
IRL,Ireland,1,71633.128805,90.07,2016,Y2016,2016
IRL,Ireland,1,78051.654251,95.99,2017,Y2017,2017
IRL,Ireland,1,84824.352993,131.16,2018,Y2018,2018
IRL,Ireland,1,89846.272208,96.0,2019,Y2019,2019
IRL,Ireland,1,94028.901163,111.38,2020,Y2020,2020
IRL,Ireland,1,106852.122229,119.68,2021,Y2021,2021
ITA,Italy,1,27076.134716,75.18,2000,Y2000,2000
ITA,Italy,1,28035.333389,84.31,2001,Y2001,2001
ITA,Italy,1,28721.076279,80.74,2002,Y2002,2002
ITA,Italy,1,29154.452064,81.61,2003,Y2003,2003
ITA,Italy,1,29481.841336,79.64,2004,Y2004,2004
ITA,Italy,1,30028.488979,62.94,2005,Y2005,2005
ITA,Italy,1,32306.680027,74.36,2006,Y2006,2006
ITA,Italy,1,33960.25594,116.44,2007,Y2007,2007
ITA,Italy,1,35292.601856,144.36,2008,Y2008,2008
ITA,Italy,1,34337.419009,87.6,2009,Y2009,2009
ITA,Italy,1,34839.416532,86.12,2010,Y2010,2010
ITA,Italy,1,36203.328522,124.55,2011,Y2011,2011
ITA,Italy,1,36091.373957,122.82,2012,Y2012,2012
ITA,Italy,1,36267.925352,120.32,2013,Y2013,2013
ITA,Italy,1,36475.976061,121.09,2014,Y2014,2014
ITA,Italy,1,37206.331822,93.41,2015,Y2015,2015
ITA,Italy,1,40267.222623,85.5,2016,Y2016,2016
ITA,Italy,1,41951.466331,90.06,2017,Y2017,2017
ITA,Italy,1,43427.663143,99.79,2018,Y2018,2018
ITA,Italy,1,45799.526931,104.26,2019,Y2019,2019
ITA,Italy,1,43129.896677,113.33,2020,Y2020,2020
ITA,Italy,1,46546.248219,120.56,2021,Y2021,2021
JPN,Japan,0,27289.851934,550.54,2000,Y2000,2000
JPN,Japan,0,27946.083138,544.07,2001,Y2001,2001
JPN,Japan,0,28633.69892,535.13,2002,Y2002,2002
JPN,Japan,0,29411.592882,518.79,2003,Y2003,2003
JPN,Japan,0,30837.175423,486.71,2004,Y2004,2004
JPN,Japan,0,32174.400107,491.26,2005,Y2005,2005
JPN,Japan,0,33638.841255,505.03,2006,Y2006,2006
JPN,Japan,0,35021.732224,261.18,2007,Y2007,2007
JPN,Japan,0,35278.749846,265.89,2008,Y2008,2008
JPN,Japan,0,33550.689549,290.73,2009,Y2009,2009
JPN,Japan,0,35342.824721,239.02,2010,Y2010,2010
JPN,Japan,0,36215.006272,166.31,2011,Y2011,2011
JPN,Japan,0,37628.675989,116.41,2012,Y2012,2012
JPN,Japan,0,39436.682585,104.19,2013,Y2013,2013
JPN,Japan,0,39559.763471,102.32,2014,Y2014,2014
JPN,Japan,0,40908.781547,111.15,2015,Y2015,2015
JPN,Japan,0,40642.704531,86.53,2016,Y2016,2016
JPN,Japan,0,41531.221619,105.67,2017,Y2017,2017
JPN,Japan,0,42239.050068,137.8,2018,Y2018,2018
JPN,Japan,0,42465.48008,134.73,2019,Y2019,2019
JPN,Japan,0,41699.104776,142.3,2020,Y2020,2020
JPN,Japan,0,42229.827091,182.22,2021,Y2021,2021
LUX,Luxembourg,1,55039.682154,87.55,2000,Y2000,2000
LUX,Luxembourg,1,56091.22818,90.89,2001,Y2001,2001
LUX,Luxembourg,1,58513.393595,84.21,2002,Y2002,2002
LUX,Luxembourg,1,60115.006615,89.55,2003,Y2003,2003
LUX,Luxembourg,1,64634.071351,78.93,2004,Y2004,2004
LUX,Luxembourg,1,68707.781706,77.06,2005,Y2005,2005
LUX,Luxembourg,1,78818.989019,84.41,2006,Y2006,2006
LUX,Luxembourg,1,84994.145407,135.87,2007,Y2007,2007
LUX,Luxembourg,1,90863.784075,98.57,2008,Y2008,2008
LUX,Luxembourg,1,86804.649353,67.03,2009,Y2009,2009
LUX,Luxembourg,1,90256.295238,106.26,2010,Y2010,2010
LUX,Luxembourg,1,94278.922851,121.3,2011,Y2011,2011
LUX,Luxembourg,1,96535.745828,154.24,2012,Y2012,2012
LUX,Luxembourg,1,100561.366405,112.01,2013,Y2013,2013
LUX,Luxembourg,1,104917.945675,99.84,2014,Y2014,2014
LUX,Luxembourg,1,107898.304236,104.25,2015,Y2015,2015
LUX,Luxembourg,1,112955.470175,95.9,2016,Y2016,2016
LUX,Luxembourg,1,114862.528755,100.25,2017,Y2017,2017
LUX,Luxembourg,1,116334.724739,119.83,2018,Y2018,2018
LUX,Luxembourg,1,119252.812943,105.73,2019,Y2019,2019
LUX,Luxembourg,1,119871.429414,114.81,2020,Y2020,2020
LUX,Luxembourg,1,131277.948732,117.62,2021,Y2021,2021
NLD,Netherlands,1,31874.207974,69.94,2000,Y2000,2000
NLD,Netherlands,1,33185.766744,71.71,2001,Y2001,2001
NLD,Netherlands,1,34447.053372,63.47,2002,Y2002,2002
NLD,Netherlands,1,34151.735949,76.42,2003,Y2003,2003
NLD,Netherlands,1,35809.484811,71.89,2004,Y2004,2004
NLD,Netherlands,1,37625.252435,62.82,2005,Y2005,2005
NLD,Netherlands,1,41008.075298,78.05,2006,Y2006,2006
NLD,Netherlands,1,43943.220422,122.0,2007,Y2007,2007
NLD,Netherlands,1,46419.042594,104.24,2008,Y2008,2008
NLD,Netherlands,1,44560.378549,71.6,2009,Y2009,2009
NLD,Netherlands,1,45044.322123,104.08,2010,Y2010,2010
NLD,Netherlands,1,46599.227659,125.26,2011,Y2011,2011
NLD,Netherlands,1,47271.968226,145.08,2012,Y2012,2012
NLD,Netherlands,1,49242.786711,126.17,2013,Y2013,2013
NLD,Netherlands,1,49233.230349,102.35,2014,Y2014,2014
NLD,Netherlands,1,50288.352815,102.92,2015,Y2015,2015
NLD,Netherlands,1,52289.404292,94.72,2016,Y2016,2016
NLD,Netherlands,1,55089.58143,99.78,2017,Y2017,2017
NLD,Netherlands,1,57825.399708,117.25,2018,Y2018,2018
NLD,Netherlands,1,60207.71305,109.61,2019,Y2019,2019
NLD,Netherlands,1,59815.501543,117.57,2020,Y2020,2020
NLD,Netherlands,1,63418.747204,122.15,2021,Y2021,2021
POL,Poland,1,10674.318285,77.2,2000,Y2000,2000
POL,Poland,1,11120.615043,76.75,2001,Y2001,2001
POL,Poland,1,11803.761357,66.26,2002,Y2002,2002
POL,Poland,1,12292.072587,69.15,2003,Y2003,2003
POL,Poland,1,13354.527277,71.73,2004,Y2004,2004
POL,Poland,1,13898.413011,55.78,2005,Y2005,2005
POL,Poland,1,15153.81561,68.09,2006,Y2006,2006
POL,Poland,1,16806.706835,107.45,2007,Y2007,2007
POL,Poland,1,18308.038986,97.57,2008,Y2008,2008
POL,Poland,1,19075.274195,73.4,2009,Y2009,2009
POL,Poland,1,20633.327018,91.03,2010,Y2010,2010
POL,Poland,1,22386.227115,124.77,2011,Y2011,2011
POL,Poland,1,23300.922905,136.02,2012,Y2012,2012
POL,Poland,1,24028.186721,121.12,2013,Y2013,2013
POL,Poland,1,25005.655694,103.95,2014,Y2014,2014
POL,Poland,1,26495.814917,101.67,2015,Y2015,2015
POL,Poland,1,27830.927735,94.38,2016,Y2016,2016
POL,Poland,1,29609.446369,101.06,2017,Y2017,2017
POL,Poland,1,31662.210541,110.33,2018,Y2018,2018
POL,Poland,1,34592.711362,109.88,2019,Y2019,2019
POL,Poland,1,34893.459765,113.83,2020,Y2020,2020
POL,Poland,1,37710.71133,120.52,2021,Y2021,2021
PRT,Portugal,1,18879.248778,55.22,2000,Y2000,2000
PRT,Portugal,1,19528.014329,67.11,2001,Y2001,2001
PRT,Portugal,1,20356.721555,60.78,2002,Y2002,2002
PRT,Portugal,1,20852.032046,60.67,2003,Y2003,2003
PRT,Portugal,1,21477.865467,67.84,2004,Y2004,2004
PRT,Portugal,1,22725.351606,71.26,2005,Y2005,2005
PRT,Portugal,1,24679.099111,64.98,2006,Y2006,2006
PRT,Portugal,1,25735.873161,109.0,2007,Y2007,2007
PRT,Portugal,1,26665.771577,137.6,2008,Y2008,2008
PRT,Portugal,1,26460.438178,118.34,2009,Y2009,2009
PRT,Portugal,1,27261.556334,86.0,2010,Y2010,2010
PRT,Portugal,1,26769.42769,104.53,2011,Y2011,2011
PRT,Portugal,1,26438.140472,123.53,2012,Y2012,2012
PRT,Portugal,1,27936.006299,111.54,2013,Y2013,2013
PRT,Portugal,1,28742.313125,101.83,2014,Y2014,2014
PRT,Portugal,1,29660.845901,104.74,2015,Y2015,2015
PRT,Portugal,1,31607.610185,93.43,2016,Y2016,2016
PRT,Portugal,1,33044.70015,96.44,2017,Y2017,2017
PRT,Portugal,1,34928.61899,98.3,2018,Y2018,2018
PRT,Portugal,1,37299.007208,109.26,2019,Y2019,2019
PRT,Portugal,1,34952.243057,106.25,2020,Y2020,2020
PRT,Portugal,1,36700.45415,108.48,2021,Y2021,2021
SVK,Slovakia,1,11352.871147,94.16,2000,Y2000,2000
SVK,Slovakia,1,12386.405589,104.82,2001,Y2001,2001
SVK,Slovakia,1,13307.878099,101.57,2002,Y2002,2002
SVK,Slovakia,1,14166.017132,98.82,2003,Y2003,2003
SVK,Slovakia,1,15197.883181,101.91,2004,Y2004,2004
SVK,Slovakia,1,16595.261602,85.93,2005,Y2005,2005
SVK,Slovakia,1,18848.613304,89.41,2006,Y2006,2006
SVK,Slovakia,1,21138.419027,125.46,2007,Y2007,2007
SVK,Slovakia,1,23608.977522,130.49,2008,Y2008,2008
SVK,Slovakia,1,22948.251564,79.53,2009,Y2009,2009
SVK,Slovakia,1,25222.341684,102.14,2010,Y2010,2010
SVK,Slovakia,1,26260.184756,135.98,2011,Y2011,2011
SVK,Slovakia,1,27000.730262,141.9,2012,Y2012,2012
SVK,Slovakia,1,28021.090416,120.49,2013,Y2013,2013
SVK,Slovakia,1,29029.587681,107.26,2014,Y2014,2014
SVK,Slovakia,1,30062.179649,105.52,2015,Y2015,2015
SVK,Slovakia,1,29737.53009,87.21,2016,Y2016,2016
SVK,Slovakia,1,30147.015977,99.84,2017,Y2017,2017
SVK,Slovakia,1,31374.187996,107.6,2018,Y2018,2018
SVK,Slovakia,1,33461.912918,109.3,2019,Y2019,2019
SVK,Slovakia,1,32898.852987,105.19,2020,Y2020,2020
SVK,Slovakia,1,33941.41438,101.09,2021,Y2021,2021
ESP,Spain,1,21594.388207,66.97,2000,Y2000,2000
ESP,Spain,1,23000.283147,75.84,2001,Y2001,2001
ESP,Spain,1,24376.32871,69.08,2002,Y2002,2002
ESP,Spain,1,25042.107892,71.15,2003,Y2003,2003
ESP,Spain,1,26182.028314,73.21,2004,Y2004,2004
ESP,Spain,1,27600.937175,72.18,2005,Y2005,2005
ESP,Spain,1,30741.226447,71.82,2006,Y2006,2006
ESP,Spain,1,32466.531633,108.42,2007,Y2007,2007
ESP,Spain,1,33242.245427,112.85,2008,Y2008,2008
ESP,Spain,1,32090.923454,82.64,2009,Y2009,2009
ESP,Spain,1,31692.052731,89.96,2010,Y2010,2010
ESP,Spain,1,31872.363088,118.63,2011,Y2011,2011
ESP,Spain,1,31724.785352,127.81,2012,Y2012,2012
ESP,Spain,1,32463.123679,110.02,2013,Y2013,2013
ESP,Spain,1,33558.976673,108.11,2014,Y2014,2014
ESP,Spain,1,34945.481614,104.35,2015,Y2015,2015
ESP,Spain,1,37333.06491,87.54,2016,Y2016,2016
ESP,Spain,1,39601.479631,95.43,2017,Y2017,2017
ESP,Spain,1,40776.768298,94.91,2018,Y2018,2018
ESP,Spain,1,43135.539426,98.52,2019,Y2019,2019
ESP,Spain,1,37992.368883,99.97,2020,Y2020,2020
ESP,Spain,1,40724.034713,101.46,2021,Y2021,2021
SWE,Sweden,1,29622.366103,70.22,2000,Y2000,2000
SWE,Sweden,1,29932.174648,74.69,2001,Y2001,2001
SWE,Sweden,1,30926.361002,70.22,2002,Y2002,2002
SWE,Sweden,1,31816.340588,73.54,2003,Y2003,2003
SWE,Sweden,1,33858.907307,70.07,2004,Y2004,2004
SWE,Sweden,1,34244.359285,65.64,2005,Y2005,2005
SWE,Sweden,1,37724.672538,74.58,2006,Y2006,2006
SWE,Sweden,1,40909.682622,125.12,2007,Y2007,2007
SWE,Sweden,1,42158.296425,129.18,2008,Y2008,2008
SWE,Sweden,1,40281.631087,82.27,2009,Y2009,2009
SWE,Sweden,1,42223.312396,116.91,2010,Y2010,2010
SWE,Sweden,1,44608.584887,129.9,2011,Y2011,2011
SWE,Sweden,1,45432.431014,137.12,2012,Y2012,2012
SWE,Sweden,1,46312.397402,121.96,2013,Y2013,2013
SWE,Sweden,1,47184.673173,105.36,2014,Y2014,2014
SWE,Sweden,1,49103.131953,101.9,2015,Y2015,2015
SWE,Sweden,1,50430.25079,92.74,2016,Y2016,2016
SWE,Sweden,1,51947.95578,93.24,2017,Y2017,2017
SWE,Sweden,1,53521.635778,133.8,2018,Y2018,2018
SWE,Sweden,1,56404.032355,107.46,2019,Y2019,2019
SWE,Sweden,1,56135.141361,112.73,2020,Y2020,2020
SWE,Sweden,1,59973.968839,117.99,2021,Y2021,2021
GBR,United Kingdom of Great Britain and Northern Ireland,0,26542.460101,56.25,2000,Y2000,2000
GBR,United Kingdom of Great Britain and Northern Ireland,0,27895.043926,60.75,2001,Y2001,2001
GBR,United Kingdom of Great Britain and Northern Ireland,0,29093.122226,52.5,2002,Y2002,2002
GBR,United Kingdom of Great Britain and Northern Ireland,0,30354.869428,63.0,2003,Y2003,2003
GBR,United Kingdom of Great Britain and Northern Ireland,0,32093.997947,64.5,2004,Y2004,2004
GBR,United Kingdom of Great Britain and Northern Ireland,0,32740.656139,54.75,2005,Y2005,2005
GBR,United Kingdom of Great Britain and Northern Ireland,0,34760.172006,60.75,2006,Y2006,2006
GBR,United Kingdom of Great Britain and Northern Ireland,0,35547.724697,96.75,2007,Y2007,2007
GBR,United Kingdom of Great Britain and Northern Ireland,0,36760.886189,114.0,2008,Y2008,2008
GBR,United Kingdom of Great Britain and Northern Ireland,0,35104.48425,87.0,2009,Y2009,2009
GBR,United Kingdom of Great Britain and Northern Ireland,0,36583.990296,99.0,2010,Y2010,2010
GBR,United Kingdom of Great Britain and Northern Ireland,0,37245.250086,137.25,2011,Y2011,2011
GBR,United Kingdom of Great Britain and Northern Ireland,0,38329.611081,144.75,2012,Y2012,2012
GBR,United Kingdom of Great Britain and Northern Ireland,0,39989.080724,139.5,2013,Y2013,2013
GBR,United Kingdom of Great Britain and Northern Ireland,0,41288.479526,117.0,2014,Y2014,2014
GBR,United Kingdom of Great Britain and Northern Ireland,0,42601.747441,93.0,2015,Y2015,2015
GBR,United Kingdom of Great Britain and Northern Ireland,0,44230.588833,90.0,2016,Y2016,2016
GBR,United Kingdom of Great Britain and Northern Ireland,0,46117.225681,107.72,2017,Y2017,2017
GBR,United Kingdom of Great Britain and Northern Ireland,0,47219.464771,122.01,2018,Y2018,2018
GBR,United Kingdom of Great Britain and Northern Ireland,0,49317.511698,116.98,2019,Y2019,2019
GBR,United Kingdom of Great Britain and Northern Ireland,0,45867.757803,129.63,2020,Y2020,2020
GBR,United Kingdom of Great Britain and Northern Ireland,0,49773.86078,140.19,2021,Y2021,2021
USA,United States of America,0,36299.662179,53.04,2000,Y2000,2000
USA,United States of America,0,37100.285739,56.35,2001,Y2001,2001
USA,United States of America,0,37954.222014,72.38,2002,Y2002,2002
USA,United States of America,0,39419.907372,69.06,2003,Y2003,2003
USA,United States of America,0,41659.662691,69.06,2004,Y2004,2004
USA,United States of America,0,44052.382996,69.61,2005,Y2005,2005
USA,United States of America,0,46234.10571,86.74,2006,Y2006,2006
USA,United States of America,0,47976.201209,131.49,2007,Y2007,2007
USA,United States of America,0,48498.445211,137.57,2008,Y2008,2008
USA,United States of America,0,47122.988543,98.9,2009,Y2009,2009
USA,United States of America,0,48570.289731,115.47,2010,Y2010,2010
USA,United States of America,0,49951.907651,146.96,2011,Y2011,2011
USA,United States of America,0,51644.991659,158.01,2012,Y2012,2012
USA,United States of America,0,53116.521969,139.23,2013,Y2013,2013
USA,United States of America,0,54914.368228,121.55,2014,Y2014,2014
USA,United States of America,0,56520.609227,99.45,2015,Y2015,2015
USA,United States of America,0,57592.691515,79.01,2016,Y2016,2016
USA,United States of America,0,59589.233923,95.58,2017,Y2017,2017
USA,United States of America,0,62449.612827,104.42,2018,Y2018,2018
USA,United States of America,0,64690.272395,92.27,2019,Y2019,2019
USA,United States of America,0,63480.861222,101.66,2020,Y2020,2020
USA,United States of America,0,70181.12175,107.2,2021,Y2021,2021
EST,Estonia,1,9393.571268,66.51,2000,Y2000,2000
EST,Estonia,1,10281.924673,64.75,2001,Y2001,2001
EST,Estonia,1,11628.295949,67.03,2002,Y2002,2002
EST,Estonia,1,13090.35094,70.5,2003,Y2003,2003
EST,Estonia,1,14496.523721,71.33,2004,Y2004,2004
EST,Estonia,1,16584.411085,63.96,2005,Y2005,2005
EST,Estonia,1,19286.792395,86.3,2006,Y2006,2006
EST,Estonia,1,22160.972592,137.05,2007,Y2007,2007
EST,Estonia,1,22780.0071,72.83,2008,Y2008,2008
EST,Estonia,1,20460.80316,72.26,2009,Y2009,2009
EST,Estonia,1,21589.56589,125.94,2010,Y2010,2010
EST,Estonia,1,24515.48857,114.18,2011,Y2011,2011
EST,Estonia,1,25946.944889,156.36,2012,Y2012,2012
EST,Estonia,1,27418.689637,118.05,2013,Y2013,2013
EST,Estonia,1,28917.833656,105.34,2014,Y2014,2014
EST,Estonia,1,29222.748082,100.59,2015,Y2015,2015
EST,Estonia,1,31310.152103,94.07,2016,Y2016,2016
EST,Estonia,1,33867.803542,95.79,2017,Y2017,2017
EST,Estonia,1,36488.637421,112.95,2018,Y2018,2018
EST,Estonia,1,39068.183685,100.82,2019,Y2019,2019
EST,Estonia,1,39456.812096,109.36,2020,Y2020,2020
EST,Estonia,1,43494.06995,110.96,2021,Y2021,2021
SVN,Slovenia,1,17999.433693,82.72,2000,Y2000,2000
SVN,Slovenia,1,18952.209935,75.76,2001,Y2001,2001
SVN,Slovenia,1,20236.432071,81.96,2002,Y2002,2002
SVN,Slovenia,1,21107.521529,87.15,2003,Y2003,2003
SVN,Slovenia,1,22758.1137,75.5,2004,Y2004,2004
SVN,Slovenia,1,23848.602419,67.45,2005,Y2005,2005
SVN,Slovenia,1,25704.135659,69.44,2006,Y2006,2006
SVN,Slovenia,1,27563.042788,108.81,2007,Y2007,2007
SVN,Slovenia,1,29594.665839,113.58,2008,Y2008,2008
SVN,Slovenia,1,27512.363227,75.96,2009,Y2009,2009
SVN,Slovenia,1,27823.255433,86.4,2010,Y2010,2010
SVN,Slovenia,1,28931.423641,122.94,2011,Y2011,2011
SVN,Slovenia,1,29048.325999,124.53,2012,Y2012,2012
SVN,Slovenia,1,29979.618841,115.24,2013,Y2013,2013
SVN,Slovenia,1,30872.72888,107.66,2014,Y2014,2014
SVN,Slovenia,1,31631.838376,107.15,2015,Y2015,2015
SVN,Slovenia,1,33942.76789,85.19,2016,Y2016,2016
SVN,Slovenia,1,36517.579273,98.05,2017,Y2017,2017
SVN,Slovenia,1,39008.297051,101.49,2018,Y2018,2018
SVN,Slovenia,1,42075.856414,103.9,2019,Y2019,2019
SVN,Slovenia,1,40860.470781,94.35,2020,Y2020,2020
SVN,Slovenia,1,43970.371468,85.96,2021,Y2021,2021
LVA,Latvia,1,8040.372357,59.45,2000,Y2000,2000
LVA,Latvia,1,9043.901208,57.5,2001,Y2001,2001
LVA,Latvia,1,10080.307516,58.47,2002,Y2002,2002
LVA,Latvia,1,11060.839006,61.4,2003,Y2003,2003
LVA,Latvia,1,12279.38528,66.27,2004,Y2004,2004
LVA,Latvia,1,13914.155078,60.42,2005,Y2005,2005
LVA,Latvia,1,15854.812284,76.02,2006,Y2006,2006
LVA,Latvia,1,18232.817901,128.64,2007,Y2007,2007
LVA,Latvia,1,19569.526703,106.23,2008,Y2008,2008
LVA,Latvia,1,17022.09047,77.97,2009,Y2009,2009
LVA,Latvia,1,17709.026549,113.05,2010,Y2010,2010
LVA,Latvia,1,19256.795329,135.47,2011,Y2011,2011
LVA,Latvia,1,21297.472621,145.21,2012,Y2012,2012
LVA,Latvia,1,22637.197448,125.72,2013,Y2013,2013
LVA,Latvia,1,23810.218371,106.16,2014,Y2014,2014
LVA,Latvia,1,24975.479748,101.37,2015,Y2015,2015
LVA,Latvia,1,26724.459825,92.47,2016,Y2016,2016
LVA,Latvia,1,28689.617469,101.37,2017,Y2017,2017
LVA,Latvia,1,30891.884185,117.81,2018,Y2018,2018
LVA,Latvia,1,32938.582309,111.64,2019,Y2019,2019
LVA,Latvia,1,33008.225642,116.68,2020,Y2020,2020
LVA,Latvia,1,35150.054156,136.99,2021,Y2021,2021
LTU,Lithuania,1,8447.107442,77.44,2000,Y2000,2000
LTU,Lithuania,1,9437.521231,78.18,2001,Y2001,2001
LTU,Lithuania,1,10480.705313,75.57,2002,Y2002,2002
LTU,Lithuania,1,12068.24375,74.82,2003,Y2003,2003
LTU,Lithuania,1,13030.520937,67.71,2004,Y2004,2004
LTU,Lithuania,1,14510.717941,61.16,2005,Y2005,2005
LTU,Lithuania,1,16481.428255,82.97,2006,Y2006,2006
LTU,Lithuania,1,19096.729552,128.29,2007,Y2007,2007
LTU,Lithuania,1,20721.028188,121.35,2008,Y2008,2008
LTU,Lithuania,1,18117.659727,74.87,2009,Y2009,2009
LTU,Lithuania,1,20096.631145,104.63,2010,Y2010,2010
LTU,Lithuania,1,22884.945082,133.07,2011,Y2011,2011
LTU,Lithuania,1,24703.697943,137.07,2012,Y2012,2012
LTU,Lithuania,1,26721.601926,115.84,2013,Y2013,2013
LTU,Lithuania,1,28184.499091,101.6,2014,Y2014,2014
LTU,Lithuania,1,28834.457574,104.75,2015,Y2015,2015
LTU,Lithuania,1,30925.151813,93.64,2016,Y2016,2016
LTU,Lithuania,1,33761.906595,100.04,2017,Y2017,2017
LTU,Lithuania,1,36376.535744,110.89,2018,Y2018,2018
LTU,Lithuania,1,39950.760493,105.33,2019,Y2019,2019
LTU,Lithuania,1,40124.47344,109.08,2020,Y2020,2020
LTU,Lithuania,1,43688.013736,116.43,2021,Y2021,2021
BGR,Bulgaria,1,6422.840204,65.44,2000,Y2000,2000
BGR,Bulgaria,1,7044.384802,70.47,2001,Y2001,2001
BGR,Bulgaria,1,7755.004951,54.37,2002,Y2002,2002
BGR,Bulgaria,1,8365.517212,69.13,2003,Y2003,2003
BGR,Bulgaria,1,9125.494978,79.54,2004,Y2004,2004
BGR,Bulgaria,1,10183.855612,51.68,2005,Y2005,2005
BGR,Bulgaria,1,11261.225026,60.41,2006,Y2006,2006
BGR,Bulgaria,1,12621.436811,100.01,2007,Y2007,2007
BGR,Bulgaria,1,14089.647983,105.04,2008,Y2008,2008
BGR,Bulgaria,1,13918.839897,70.47,2009,Y2009,2009
BGR,Bulgaria,1,14681.048115,81.88,2010,Y2010,2010
BGR,Bulgaria,1,15747.103639,109.74,2011,Y2011,2011
BGR,Bulgaria,1,16327.885807,135.58,2012,Y2012,2012
BGR,Bulgaria,1,16647.055821,105.71,2013,Y2013,2013
BGR,Bulgaria,1,17616.824047,105.38,2014,Y2014,2014
BGR,Bulgaria,1,18391.898736,102.34,2015,Y2015,2015
BGR,Bulgaria,1,20074.363973,92.29,2016,Y2016,2016
BGR,Bulgaria,1,21469.900943,100.95,2017,Y2017,2017
BGR,Bulgaria,1,23015.898745,102.25,2018,Y2018,2018
BGR,Bulgaria,1,25169.908002,99.84,2019,Y2019,2019
BGR,Bulgaria,1,25167.305528,110.01,2020,Y2020,2020
BGR,Bulgaria,1,26793.309833,116.45,2021,Y2021,2021
HRV,Croatia,1,10710.408716,81.33,2000,Y2000,2000
HRV,Croatia,1,11651.879129,88.19,2001,Y2001,2001
HRV,Croatia,1,12759.989737,84.62,2002,Y2002,2002
HRV,Croatia,1,13676.118234,91.57,2003,Y2003,2003
HRV,Croatia,1,14664.905928,93.21,2004,Y2004,2004
HRV,Croatia,1,15431.924983,85.17,2005,Y2005,2005
HRV,Croatia,1,17586.11479,77.77,2006,Y2006,2006
HRV,Croatia,1,19484.063928,96.5,2007,Y2007,2007
HRV,Croatia,1,20915.753381,138.91,2008,Y2008,2008
HRV,Croatia,1,20145.177232,76.67,2009,Y2009,2009
HRV,Croatia,1,19962.745492,105.73,2010,Y2010,2010
HRV,Croatia,1,21003.489223,127.76,2011,Y2011,2011
HRV,Croatia,1,21390.005664,127.5,2012,Y2012,2012
HRV,Croatia,1,22087.480838,102.58,2013,Y2013,2013
HRV,Croatia,1,22337.196354,110.09,2014,Y2014,2014
HRV,Croatia,1,23276.973324,105.96,2015,Y2015,2015
HRV,Croatia,1,25222.533211,83.95,2016,Y2016,2016
HRV,Croatia,1,27119.033204,94.75,2017,Y2017,2017
HRV,Croatia,1,28855.886442,99.02,2018,Y2018,2018
HRV,Croatia,1,31531.309022,101.58,2019,Y2019,2019
HRV,Croatia,1,29551.000694,96.01,2020,Y2020,2020
HRV,Croatia,1,34001.023736,90.51,2021,Y2021,2021
CYP,Cyprus,1,21292.181573,91.53,2000,Y2000,2000
CYP,Cyprus,1,22866.977209,90.9,2001,Y2001,2001
CYP,Cyprus,1,23556.886678,95.92,2002,Y2002,2002
CYP,Cyprus,1,24280.934563,91.53,2003,Y2003,2003
CYP,Cyprus,1,25944.867724,63.95,2004,Y2004,2004
CYP,Cyprus,1,27763.246925,60.81,2005,Y2005,2005
CYP,Cyprus,1,30010.894473,63.32,2006,Y2006,2006
CYP,Cyprus,1,32885.403004,68.96,2007,Y2007,2007
CYP,Cyprus,1,34830.196707,165.04,2008,Y2008,2008
CYP,Cyprus,1,33886.593926,136.43,2009,Y2009,2009
CYP,Cyprus,1,33423.268846,63.45,2010,Y2010,2010
CYP,Cyprus,1,33313.577669,97.56,2011,Y2011,2011
CYP,Cyprus,1,31834.628847,93.15,2012,Y2012,2012
CYP,Cyprus,1,30375.236979,89.49,2013,Y2013,2013
CYP,Cyprus,1,30080.14296,94.62,2014,Y2014,2014
CYP,Cyprus,1,31815.341244,90.95,2015,Y2015,2015
CYP,Cyprus,1,35719.109919,114.43,2016,Y2016,2016
CYP,Cyprus,1,38288.001384,79.95,2017,Y2017,2017
CYP,Cyprus,1,40559.105442,95.46,2018,Y2018,2018
CYP,Cyprus,1,43722.861866,84.13,2019,Y2019,2019
CYP,Cyprus,1,40897.780537,90.26,2020,Y2020,2020
CYP,Cyprus,1,43317.904519,94.19,2021,Y2021,2021
MLT,Malta,1,18363.894565,47.63,2000,Y2000,2000
MLT,Malta,1,18510.39417,72.27,2001,Y2001,2001
MLT,Malta,1,19601.629781,73.26,2002,Y2002,2002
MLT,Malta,1,20931.270643,71.94,2003,Y2003,2003
MLT,Malta,1,21551.295047,60.73,2004,Y2004,2004
MLT,Malta,1,22308.719133,63.0,2005,Y2005,2005
MLT,Malta,1,23320.754242,69.8,2006,Y2006,2006
MLT,Malta,1,25061.159229,92.73,2007,Y2007,2007
MLT,Malta,1,26523.726187,73.27,2008,Y2008,2008
MLT,Malta,1,26652.563583,86.87,2009,Y2009,2009
MLT,Malta,1,28725.106348,74.72,2010,Y2010,2010
MLT,Malta,1,28973.045315,72.2,2011,Y2011,2011
MLT,Malta,1,30241.42175,88.7,2012,Y2012,2012
MLT,Malta,1,32287.911363,95.3,2013,Y2013,2013
MLT,Malta,1,34318.333679,82.0,2014,Y2014,2014
MLT,Malta,1,37430.605738,106.18,2015,Y2015,2015
MLT,Malta,1,39678.501077,111.81,2016,Y2016,2016
MLT,Malta,1,43463.249097,103.42,2017,Y2017,2017
MLT,Malta,1,45504.312819,101.01,2018,Y2018,2018
MLT,Malta,1,48672.896446,101.48,2019,Y2019,2019
MLT,Malta,1,44509.304787,100.82,2020,Y2020,2020
MLT,Malta,1,48726.138109,100.15,2021,Y2021,2021
ROU,Romania,1,5850.908021,47.12,2000,Y2000,2000
ROU,Romania,1,6439.287795,59.42,2001,Y2001,2001
ROU,Romania,1,7180.411394,53.58,2002,Y2002,2002
ROU,Romania,1,7560.299928,92.81,2003,Y2003,2003
ROU,Romania,1,8990.324885,77.89,2004,Y2004,2004
ROU,Romania,1,9602.147673,50.7,2005,Y2005,2005
ROU,Romania,1,11554.902523,47.89,2006,Y2006,2006
ROU,Romania,1,13701.675171,85.92,2007,Y2007,2007
ROU,Romania,1,16782.155631,92.96,2008,Y2008,2008
ROU,Romania,1,16632.743534,66.2,2009,Y2009,2009
ROU,Romania,1,16976.195121,83.1,2010,Y2010,2010
ROU,Romania,1,17896.233439,123.94,2011,Y2011,2011
ROU,Romania,1,18867.561544,128.17,2012,Y2012,2012
ROU,Romania,1,19777.047836,119.72,2013,Y2013,2013
ROU,Romania,1,20649.842058,107.04,2014,Y2014,2014
ROU,Romania,1,21598.669927,104.23,2015,Y2015,2015
ROU,Romania,1,24266.361764,88.73,2016,Y2016,2016
ROU,Romania,1,27135.977062,91.55,2017,Y2017,2017
ROU,Romania,1,29337.903177,95.77,2018,Y2018,2018
ROU,Romania,1,32909.566163,102.82,2019,Y2019,2019
ROU,Romania,1,33080.128126,111.27,2020,Y2020,2020
ROU,Romania,1,35946.765464,119.72,2021,Y2021,2021
